Names,gender,race/ethnicity,parental level of education,lunch,test preparation course,Maths Scores,Physics Scores,Chemistry Scores
Saniyah Greer,female,group D,some high school,free/reduced,completed,59,72,80
Micheal Gray,female,group D,associate's degree,standard,none,87,94,100
Yurem Barker,female,group C,associate's degree,free/reduced,completed,68,80,82
Isaias Clay,male,group B,some college,free/reduced,none,76,76,72
Jensen Pope,female,group D,high school,standard,none,73,84,78
Gabriela Brock,male,group D,some college,standard,completed,50,52,54
Slade Novak,female,group B,some high school,standard,none,51,61,54
Cannon Rangel,male,group A,some high school,free/reduced,none,62,66,55
Landen Santana,female,group D,associate's degree,standard,completed,66,73,80
Miranda Hayes,male,group E,bachelor's degree,standard,completed,75,60,62
Jaden Ramirez,female,group D,bachelor's degree,free/reduced,none,57,66,70
Gavyn Holden,female,group D,some college,standard,none,61,70,77
Aleah Shea,male,group A,master's degree,standard,completed,77,72,77
Marlee Dyer,male,group D,high school,standard,none,76,64,65
Isla Hoffman,female,group C,some high school,standard,none,62,83,70
Bridger Richardson,male,group C,high school,standard,none,59,55,54
Desiree Moon,female,group D,some high school,standard,completed,58,71,70
Stephen Brandt,female,group A,some college,standard,completed,61,69,76
Dallas Grant,male,group C,some college,standard,none,53,43,49
Justus Hood,male,group C,master's degree,standard,none,59,59,65
Tyrell Trujillo,male,group B,some college,free/reduced,none,59,55,57
Jadon Giles,male,group E,associate's degree,standard,none,73,72,73
Chace Duffy,female,group B,master's degree,standard,completed,63,75,76
Gabrielle Santana,male,group C,high school,standard,completed,67,72,71
Simon Snyder,male,group C,high school,free/reduced,none,46,46,39
Aritra Roy,male,group D,some college,free/reduced,none,84,74,72
Bryanna Mcpherson,female,group A,some college,standard,completed,80,87,92
Deja Dodson,male,group B,associate's degree,standard,none,62,51,52
Deacon Rocha,female,group B,some high school,standard,none,55,61,56
Annabella Whitaker,female,group C,some college,standard,none,69,81,75
Bobby Conley,male,group E,bachelor's degree,standard,completed,90,81,85
Monique Whitney,male,group C,master's degree,free/reduced,completed,62,63,57
Dahlia Rosario,male,group E,high school,free/reduced,completed,49,44,43
Aidan Moreno,male,group D,high school,free/reduced,completed,57,61,59
Nigel Garcia,male,group D,high school,standard,none,66,59,64
Saniya Haas,female,group D,some high school,free/reduced,completed,75,81,89
Michael Graham,female,group B,associate's degree,free/reduced,none,68,74,83
Miah Hanson,male,group C,some high school,standard,completed,97,80,82
Ansley Chen,female,group E,some college,free/reduced,none,75,79,77
Jaeden Rivas,female,group D,some college,standard,completed,62,68,72
Jayleen Mccullough,male,group D,associate's degree,standard,none,87,90,84
Yadira Skinner,male,group B,some high school,standard,none,47,53,46
Jovan Ross,female,group C,bachelor's degree,standard,completed,39,56,64
Lauryn Maddox,female,group C,some college,standard,none,74,74,83
Zachary Vaughan,female,group C,some high school,standard,none,81,80,84
Rodney Hayden,male,group A,associate's degree,standard,completed,66,64,72
Kamora Roach,female,group A,associate's degree,standard,none,53,60,67
Rebecca Chang,male,group C,high school,standard,none,59,41,46
Aria Bray,female,group D,some high school,free/reduced,none,48,70,66
Emely Khan,female,group D,some high school,standard,none,70,80,78
Rodolfo Floyd,male,group B,bachelor's degree,standard,none,80,68,70
Nathaly Spears,male,group E,associate's degree,standard,none,96,82,87
Keon Taylor,male,group C,bachelor's degree,standard,completed,58,38,48
Daisy Mckinney,male,group C,some high school,standard,completed,77,68,63
Karlie Ingram,female,group B,some college,standard,none,57,68,62
Jaylyn Morris,male,group B,master's degree,standard,completed,92,93,94
Nyasia Coffey,female,group C,associate's degree,free/reduced,completed,53,78,70
Ashlynn Santos,male,group C,some college,standard,none,77,73,72
Kael Mckay,female,group C,high school,standard,none,30,49,41
Reilly Branch,male,group D,some high school,standard,none,39,29,27
Rafael Campbell,male,group D,associate's degree,standard,none,60,63,56
Trevin Wilson,male,group B,some high school,standard,none,64,64,63
August Lowery,female,group B,high school,free/reduced,none,35,53,54
Brett Ayers,female,group C,bachelor's degree,standard,none,59,59,63
Karissa Conway,female,group E,associate's degree,standard,none,82,87,82
Gracie Aguilar,male,group A,some high school,standard,completed,69,73,72
Santos Kaufman,female,group E,high school,standard,completed,87,96,92
Ulises Johnson,male,group D,associate's degree,free/reduced,none,74,81,79
Essence Obrien,female,group D,some college,standard,none,41,55,52
Ernest Bray,female,group B,associate's degree,standard,completed,74,78,88
Cameron Mcdonald,female,group D,bachelor's degree,free/reduced,completed,67,72,79
Urijah Richmond,female,group D,some high school,free/reduced,none,22,36,33
Lacey Hays,male,group C,some college,free/reduced,none,60,54,49
Oscar Hoffman,female,group C,associate's degree,standard,none,61,77,66
Andy Patterson,male,group B,bachelor's degree,standard,none,64,58,55
Kiera Hodge,male,group C,master's degree,free/reduced,completed,82,79,82
Trevor Durham,male,group B,associate's degree,free/reduced,completed,52,58,53
Will Solomon,male,group D,high school,standard,none,76,69,66
Prachi Desai,female,group D,associate's degree,standard,none,70,80,78
Krista Welch,female,group D,some high school,free/reduced,none,35,51,53
Heath Sparks,male,group C,master's degree,free/reduced,none,62,67,66
Carleigh Yates,male,group C,bachelor's degree,standard,none,69,66,62
Joel Newton,male,group D,high school,standard,none,53,50,47
Kyson Vega,female,group C,some high school,free/reduced,completed,53,82,72
Alia Schmitt,female,group E,bachelor's degree,standard,none,79,78,75
Dylan Peck,male,group E,some high school,standard,none,87,66,67
Louis Gallagher,female,group D,some high school,free/reduced,none,51,68,62
Ivy Berger,male,group C,associate's degree,free/reduced,none,47,46,41
Caitlyn Pena,female,group B,master's degree,free/reduced,none,57,64,64
Alan Frey,female,group D,some college,standard,none,63,73,65
America Sutton,male,group D,master's degree,free/reduced,none,83,83,77
Diana Walsh,female,group C,associate's degree,standard,completed,63,77,73
Noel Ferguson,female,group E,some high school,standard,none,77,79,70
Trevor Poole,male,group B,high school,free/reduced,completed,71,59,56
Keyon Howell,female,group B,high school,standard,completed,60,76,74
Sonia Bass,female,group C,associate's degree,free/reduced,none,65,80,76
Harrison Cannon,female,group C,some high school,standard,none,40,52,44
Serena King,male,group C,some high school,standard,completed,71,69,59
Clayton Clarke,female,group C,some high school,standard,none,56,66,65
Lane Sampson,male,group B,some high school,standard,none,68,70,65
Donavan Schneider,female,group D,some college,standard,completed,76,94,90
Kael Floyd,female,group C,bachelor's degree,standard,none,54,56,62
Cristian Oneal,female,group B,some college,standard,none,58,70,65
Harrison Hunter,male,group E,some college,free/reduced,completed,90,88,83
Lee Osborn,male,group C,high school,standard,completed,94,87,88
Eduardo Richmond,female,group E,associate's degree,free/reduced,completed,50,62,59
America Doyle,male,group D,bachelor's degree,standard,none,89,83,85
Miranda Gillespie,female,group D,master's degree,standard,none,90,98,100
Abdullah Vaughan,female,group B,master's degree,free/reduced,none,41,57,52
Makenna Welch,female,group B,some high school,standard,completed,73,81,86
Dustin Travis,male,group D,associate's degree,standard,none,47,47,41
Harmony Acosta,female,group A,some high school,free/reduced,none,51,74,72
Corinne Moyer,male,group C,some high school,standard,completed,75,73,72
Jagger Kramer,male,group E,high school,standard,none,74,71,69
Jeremy Roy,female,group C,high school,free/reduced,none,61,80,71
Leila Rosario,female,group D,some college,free/reduced,none,70,69,74
Deandre Owen,male,group D,associate's degree,standard,none,86,73,79
Davis Colon,female,group B,high school,standard,completed,52,58,61
Jaron Dunlap,male,group D,master's degree,standard,completed,98,90,93
Guillermo Franco,female,group E,some college,standard,none,63,75,70
Marina Mcneil,male,group A,master's degree,standard,none,71,66,59
Malaki Hodge,male,group B,some college,standard,none,62,63,56
Alan Henson,female,group E,associate's degree,free/reduced,none,65,73,73
Davin Ortega,male,group A,bachelor's degree,free/reduced,none,57,62,57
Madisyn Woodward,male,group E,high school,standard,none,67,56,52
Melody Golden,male,group D,high school,free/reduced,none,64,60,53
Cody Potter,female,group A,high school,standard,none,51,69,59
Franco Palmer,male,group C,associate's degree,standard,completed,88,68,76
Austin Oneal,female,group E,some high school,free/reduced,none,39,52,48
Tamara West,male,group C,associate's degree,standard,none,82,83,82
Abraham Newman,female,group C,high school,free/reduced,none,31,54,46
Ariana Davidson,male,group B,high school,free/reduced,none,33,24,25
Ingrid Delacruz,female,group B,some college,standard,completed,72,88,86
Hezekiah Snow,female,group D,some high school,standard,none,69,77,69
Daniella Decker,male,group D,high school,standard,completed,86,83,85
Gideon Griffith,female,group B,associate's degree,free/reduced,none,44,48,55
Braylon Byrd,male,group D,some high school,standard,none,65,61,59
Killian Weiss,male,group C,some college,free/reduced,completed,29,35,37
Sophia Stuart,male,group C,associate's degree,free/reduced,none,65,60,54
Chelsea Myers,male,group B,bachelor's degree,standard,completed,89,82,79
Lauryn Brown,female,group C,some high school,free/reduced,none,64,87,81
Gabrielle Beltran,male,group C,some high school,free/reduced,none,55,50,49
Monique Mccoy,male,group D,some college,standard,none,61,55,51
Kira Stewart,female,group C,some high school,free/reduced,none,41,53,52
Kylie Lamb,male,group B,some college,free/reduced,completed,65,65,70
Graham Parks,male,group C,associate's degree,free/reduced,none,57,57,49
Emiliano Villa,female,group E,high school,standard,completed,90,93,88
Eve Bishop,female,group E,some high school,standard,none,74,84,83
Mckinley Pope,male,group C,some college,standard,completed,90,80,99
Davian Byrd,male,group E,associate's degree,standard,completed,89,81,79
Joey Compton,female,group C,associate's degree,standard,completed,76,88,91
Drew Mejia,male,group E,master's degree,free/reduced,none,66,60,57
Sheldon Madden,female,group E,some high school,standard,none,87,99,92
Veronica Brewer,female,group A,some college,standard,none,65,73,70
Camilla Shannon,male,group C,some high school,free/reduced,none,32,26,26
Lyla Davidson,female,group B,some high school,standard,none,75,77,79
Daniela Bonilla,female,group C,associate's degree,free/reduced,none,56,63,65
Lizeth Bradford,male,group B,bachelor's degree,standard,none,85,95,87
Gabrielle Murray,female,group B,associate's degree,standard,none,92,96,95
Kayley Proctor,male,group E,some high school,standard,none,66,55,57
Darryl Mcfarland,male,group C,some college,standard,none,65,58,58
Jackson Buck,female,group D,some college,standard,none,83,87,88
Jovan May,male,group A,some college,standard,completed,81,74,72
Jorden Martinez,male,group C,some college,standard,none,55,50,56
Dante Booker,male,group D,bachelor's degree,standard,none,73,72,72
Monserrat Garrett,female,group B,some high school,free/reduced,none,39,50,43
Braylon Owen,male,group A,some high school,free/reduced,completed,50,48,43
Rayna Kirby,female,group B,high school,standard,completed,71,87,91
Aaron Mckay,male,group D,some college,standard,completed,74,75,76
Camilla Gallegos,male,group E,some high school,free/reduced,none,88,78,77
Elisha Aguilar,male,group D,associate's degree,standard,none,92,88,84
Adalynn Jacobson,male,group B,high school,standard,none,68,62,59
Esteban Spence,female,group C,associate's degree,free/reduced,completed,70,75,79
Nancy Obrien,female,group B,associate's degree,free/reduced,completed,65,86,85
Damari Martin,male,group D,some high school,standard,completed,89,75,78
Giovani Solis,female,group A,high school,free/reduced,completed,57,60,57
Maximilian Blanchard,male,group D,associate's degree,free/reduced,none,57,54,60
Zayne Blanchard,male,group C,bachelor's degree,standard,completed,72,69,71
Ella Buckley,male,group C,associate's degree,free/reduced,none,78,79,73
Caroline Massey,male,group D,some college,standard,completed,65,57,63
Abram Walsh,male,group C,high school,standard,completed,48,38,39
Kylie Waller,male,group B,some college,standard,none,51,53,49
Jadiel Cervantes,female,group D,bachelor's degree,standard,none,66,82,82
Carina Koch,male,group D,some college,standard,completed,77,67,67
Frances Kidd,female,group D,some high school,standard,completed,64,67,77
Natalya Logan,female,group D,some high school,standard,none,73,89,82
Hugh Tran,female,group C,high school,free/reduced,none,51,57,55
Samson Wise,female,group A,some high school,free/reduced,completed,67,77,74
Tobias Chapman,female,group E,bachelor's degree,standard,completed,99,99,99
Isaiah Gallegos,female,group B,high school,standard,completed,42,61,52
Leilani Johnston,female,group B,some college,standard,none,57,59,58
Richard Gregory,male,group E,some high school,free/reduced,completed,94,85,87
Nicole Trujillo,male,group D,some high school,standard,none,57,50,52
Leon Stephenson,female,group B,some high school,free/reduced,none,39,51,53
Gianna Byrd,male,group E,high school,free/reduced,none,63,58,55
Omar Baxter,male,group B,associate's degree,standard,none,56,60,47
Moses Davila,female,group C,associate's degree,free/reduced,none,58,65,61
Reginald Mcguire,male,group B,associate's degree,standard,none,77,67,64
Tony Li,male,group C,bachelor's degree,standard,none,48,42,43
Heaven Snow,female,group B,some high school,free/reduced,none,58,52,52
Maurice Rush,female,group D,some college,standard,none,87,85,87
Malik Parrish,female,group C,associate's degree,standard,none,69,82,80
Jake Cohen,male,group C,associate's degree,standard,none,73,78,80
Lacey Villarreal,female,group E,bachelor's degree,standard,completed,87,88,86
Zion Faulkner,female,group D,some high school,free/reduced,none,79,84,87
Chanel Velez,male,group C,master's degree,standard,none,76,72,66
Kylee Bradshaw,male,group C,associate's degree,standard,none,71,80,76
Henry Harrell,female,group D,bachelor's degree,standard,completed,65,77,77
Nolan Kennedy,female,group E,some college,free/reduced,none,73,73,75
Khloe Pratt,male,group C,some high school,free/reduced,none,41,41,40
Beau Ochoa,male,group E,high school,standard,none,64,53,43
Johnny Holland,male,group D,high school,standard,none,76,72,72
Jamiya Vargas,male,group C,associate's degree,standard,none,74,72,76
Eva Bautista,male,group B,bachelor's degree,standard,none,65,54,51
Sidney Torres,male,group B,associate's degree,free/reduced,completed,68,81,76
Kyler Harmon,female,group B,some college,free/reduced,none,38,56,53
Jaden Hendrix,male,group C,high school,standard,completed,65,71,71
Teagan Pruitt,male,group C,some high school,free/reduced,none,53,51,44
Lilianna Nelson,female,group C,some college,standard,none,78,91,86
David Gentry,male,group B,high school,standard,none,47,48,40
Darnell Combs,female,group C,associate's degree,standard,completed,67,81,83
Yuliana Mooney,female,group B,high school,free/reduced,completed,60,70,68
Jordan Odom,female,group C,high school,free/reduced,completed,41,53,55
Alexandra Nielsen,male,group E,some high school,standard,none,64,63,61
Tommy Wilson,male,group D,some college,free/reduced,none,67,70,64
Cheyenne Lowery,female,group D,associate's degree,standard,none,70,72,74
Wilson Briggs,male,group B,some high school,standard,none,46,49,40
Miranda Reese,male,group B,associate's degree,standard,completed,70,74,69
Alfredo Blackburn,female,group C,some college,standard,completed,70,84,83
Phillip Powell,male,group C,some college,free/reduced,completed,78,82,83
Dale Booth,male,group C,high school,standard,none,66,58,52
Damarion Manning,female,group B,some high school,standard,none,71,83,79
Skylar Olson,female,group E,master's degree,free/reduced,none,62,70,72
Tiara Cruz,female,group C,some high school,standard,none,77,86,90
Payten Potter,male,group C,bachelor's degree,standard,none,98,91,87
Nelson Oneal,female,group A,bachelor's degree,standard,completed,69,86,94
Melody Martinez,male,group D,associate's degree,free/reduced,completed,70,72,70
Amelia Parrish,female,group C,high school,free/reduced,none,63,80,75
Jessie Schroeder,male,group A,some high school,free/reduced,none,66,77,68
Parker Rosales,male,group E,some high school,free/reduced,none,57,52,46
Justine Meadows,female,group D,some college,standard,none,80,79,79
Lilia Daugherty,female,group D,some college,free/reduced,none,59,72,71
Nash Riddle,male,group E,high school,free/reduced,none,52,55,50
Damarion Gordon,female,group E,master's degree,standard,none,71,72,75
Mark Gardner,male,group D,master's degree,standard,none,100,92,99
Annabella Malone,female,group B,associate's degree,standard,completed,52,67,71
Antoine Daniels,female,group C,some high school,free/reduced,completed,49,73,68
Mekhi Mcintosh,male,group B,some college,standard,none,73,60,59
Darryl Mcclain,male,group C,some high school,standard,none,60,48,47
Ezekiel Dalton,female,group D,high school,standard,none,77,84,89
Ayana Montoya,female,group B,associate's degree,standard,none,65,70,61
Kaia Mckay,male,group B,some college,standard,none,80,80,72
Jovanny Carson,female,group C,some high school,free/reduced,none,39,59,48
Stanley Ayala,female,group C,associate's degree,free/reduced,none,46,56,57
Samantha Berger,female,group D,some college,free/reduced,none,43,59,58
Areli Pollard,female,group E,some high school,standard,completed,92,88,94
Guillermo Beasley,female,group D,master's degree,standard,none,76,74,72
Helena Tapia,male,group D,high school,standard,completed,87,67,67
Yadira Sutton,female,group D,some high school,standard,none,68,72,71
Elyse Hurst,female,group C,associate's degree,free/reduced,none,47,50,49
Vicente Adams,female,group E,high school,standard,none,76,80,70
Patricia Olson,male,group E,some high school,standard,completed,71,49,54
Johnny Wagner,female,group E,bachelor's degree,standard,none,97,100,100
Natalee Ramos,female,group A,high school,standard,completed,12,36,38
Ismael Gomez,male,group D,high school,standard,none,42,34,40
Alondra Richardson,male,group B,some high school,standard,none,70,77,67
Jessie Leonard,female,group C,high school,standard,completed,74,80,89
Adriana Morton,male,group A,some college,standard,none,68,61,63
Angelina Meyer,male,group C,some high school,standard,none,66,56,56
Prince Murphy,male,group C,high school,free/reduced,none,44,51,37
Jacquelyn Galvan,male,group B,some college,standard,none,58,56,56
Aracely Reynolds,female,group C,some high school,standard,completed,75,81,84
Desmond Parker,male,group D,associate's degree,free/reduced,completed,58,60,61
Shawn Mcfarland,male,group C,bachelor's degree,standard,completed,84,87,85
Paxton Watkins,male,group C,associate's degree,free/reduced,none,65,64,57
Braylon Madden,male,group C,master's degree,standard,none,54,51,52
Lucas Cabrera,male,group A,some college,standard,none,71,68,66
Adrien Kemp,male,group B,bachelor's degree,standard,none,51,38,43
Rhett Whitaker,male,group C,master's degree,standard,none,66,59,59
Abbey Harris,male,group B,associate's degree,standard,none,91,82,87
Breanna Orozco,male,group B,associate's degree,free/reduced,none,87,86,78
Taylor Alexander,female,group D,some college,free/reduced,completed,53,60,65
Zaniyah Juarez,male,group D,some college,standard,completed,74,66,68
Tania Woodard,female,group E,associate's degree,free/reduced,none,84,82,79
Eve Bray,female,group D,bachelor's degree,standard,none,76,80,77
Janae Fowler,male,group A,some college,standard,completed,83,76,73
Marques Kaufman,female,group A,some high school,free/reduced,completed,50,50,55
Derek Spence,female,group C,associate's degree,standard,none,76,87,82
Kenny Cameron,male,group D,high school,standard,none,83,76,70
Jonas Stone,female,group D,some college,free/reduced,none,78,87,87
Cassandra Rangel,male,group D,associate's degree,standard,completed,87,83,91
Mylee Mercer,male,group D,master's degree,standard,none,87,86,79
River Compton,female,group B,master's degree,standard,completed,100,100,100
Darnell Brewer,male,group C,high school,standard,none,63,59,55
Ayaan Lara,female,group B,associate's degree,standard,completed,70,68,74
Ayaan Whitney,female,group D,bachelor's degree,standard,completed,66,83,84
Solomon Franklin,female,group E,associate's degree,standard,none,97,91,91
Richard Arnold,female,group E,some college,standard,completed,77,82,82
Karley Rodgers,female,group C,some high school,free/reduced,none,44,54,53
Devon Dalton,male,group C,some high school,standard,none,60,70,61
Karter Hayden,female,group D,some college,free/reduced,completed,45,51,55
Leanna Mccarthy,female,group D,high school,standard,none,59,63,61
Bruno Levy,male,group A,some college,free/reduced,none,31,37,26
Micah Roach,male,group D,some college,free/reduced,completed,53,49,51
Samson Poole,female,group D,associate's degree,standard,none,92,100,100
Aleah Boyd,female,group E,high school,free/reduced,completed,48,51,51
Kyleigh Townsend,female,group E,associate's degree,standard,none,78,71,75
Luis Walker,female,group B,some high school,standard,completed,63,67,70
Moshe Saunders,female,group A,some college,standard,completed,84,92,93
Rocco Gross,female,group C,master's degree,standard,none,48,67,59
Abagail Donaldson,male,group D,some high school,standard,none,33,40,34
Kenny Ware,female,group D,some college,free/reduced,none,73,88,82
Sincere Dickerson,female,group C,high school,standard,none,74,87,82
Braedon Long,male,group E,associate's degree,standard,completed,77,79,80
Anthony Garrison,female,group B,associate's degree,standard,none,70,71,69
Kassidy Castro,female,group D,high school,standard,none,61,70,67
Esther Waller,male,group E,some college,standard,completed,84,77,75
Davion Sweeney,male,group E,high school,standard,none,78,70,64
Sarai Lang,female,group C,associate's degree,free/reduced,none,55,73,69
Julien Stevens,male,group C,some college,standard,none,77,79,72
Prince Sims,male,group E,master's degree,free/reduced,none,58,64,56
Genesis Blake,female,group A,some college,free/reduced,none,51,62,57
Drew Beard,female,group A,associate's degree,standard,none,61,77,80
Kamren Franco,female,group E,high school,free/reduced,none,79,85,78
Marcel Andersen,female,group D,bachelor's degree,free/reduced,none,67,81,82
Leonidas Leblanc,female,group D,associate's degree,standard,none,95,99,97
Stephany Lin,male,group D,some college,standard,none,61,61,56
Anderson Mathews,female,group A,some high school,free/reduced,none,56,67,65
Erin Melendez,male,group E,some college,standard,none,89,83,76
Humberto Henry,female,group A,bachelor's degree,standard,none,60,79,77
Gavin Olson,female,group C,some high school,standard,completed,69,84,83
Jameson Welch,male,group C,some college,free/reduced,completed,65,65,64
Jane Leonard,female,group E,some high school,standard,none,69,75,71
Heaven Mann,male,group A,master's degree,free/reduced,none,60,59,59
Jabari Jacobs,female,group D,master's degree,standard,none,71,73,73
Tiana Mcpherson,male,group C,some high school,standard,completed,48,45,37
Nicole Travis,male,group A,bachelor's degree,standard,none,59,62,62
Jaxson Vaughn,female,group B,some high school,standard,none,48,57,55
Luke Terry,male,group C,some high school,standard,completed,91,89,90
Janet Paul,female,group E,some college,standard,none,89,91,86
Juliette Johns,male,group C,some college,standard,completed,52,49,53
Jaiden Munoz,male,group D,some college,standard,none,39,42,40
Finnegan Hansen,female,group C,some college,standard,completed,70,74,85
Amir Blackburn,female,group D,associate's degree,free/reduced,none,63,71,71
Dominik Kelly,male,group C,some college,standard,completed,96,86,95
Arturo Kim,female,group D,some college,standard,none,92,91,97
Natasha Sloan,female,group C,associate's degree,standard,completed,67,64,73
Zariah Vaughn,male,group C,bachelor's degree,standard,none,89,77,71
Alissa Rocha,female,group C,associate's degree,free/reduced,none,51,69,61
Misael Tran,male,group B,some college,free/reduced,none,50,60,54
Ben Hampton,male,group C,some college,standard,none,95,88,87
Hayden Murillo,female,group E,some high school,free/reduced,none,65,72,68
Ruben Kidd,female,group D,high school,free/reduced,completed,47,61,63
Elias Fritz,female,group C,some college,free/reduced,completed,54,73,72
Aaliyah Velazquez,female,group D,some high school,standard,none,62,71,70
Hayley Lynch,female,group E,some college,standard,none,78,72,70
Adelaide Hoffman,male,group B,bachelor's degree,free/reduced,none,59,54,54
Howard Wise,female,group B,some high school,standard,none,59,66,61
Riya Carr,female,group D,some high school,standard,none,41,49,45
Fletcher Solis,female,group B,some high school,standard,completed,85,98,92
Anabella Noble,male,group B,some high school,standard,completed,94,95,91
Reed Mccormick,male,group D,some college,standard,completed,82,77,80
Rylee Zuniga,female,group E,bachelor's degree,standard,none,81,77,84
Rashad Dougherty,female,group C,some college,standard,completed,77,88,86
Aedan Li,male,group D,high school,standard,completed,96,94,91
Emelia Baxter,female,group D,high school,free/reduced,none,55,72,67
Declan Torres,female,group D,some college,standard,none,72,82,83
Cody Yu,female,group B,some college,standard,none,65,65,72
Misael Mayer,female,group B,associate's degree,standard,none,47,59,63
Megan Bullock,female,group C,some college,standard,completed,63,61,63
Will Roy,male,group C,high school,standard,none,83,74,75
Ryder Lynn,female,group C,bachelor's degree,free/reduced,completed,70,76,83
Gloria Kaiser,male,group C,some college,standard,none,77,84,77
Yadiel Zimmerman,female,group C,bachelor's degree,standard,completed,73,78,90
Marquise Greene,female,group D,some high school,free/reduced,none,55,66,64
Sheldon Hammond,female,group C,associate's degree,free/reduced,completed,72,90,88
Bo Pugh,female,group E,bachelor's degree,standard,none,85,84,84
Pierre Chung,female,group C,some high school,free/reduced,none,50,65,56
Brennan Hernandez,female,group C,bachelor's degree,standard,none,85,87,87
Lilah Tran,male,group E,associate's degree,standard,none,100,95,90
Cody Whitney,female,group D,associate's degree,standard,completed,86,94,94
Luke Hardy,male,group E,some college,standard,none,86,70,63
Kiara Wilson,female,group A,associate's degree,standard,completed,77,87,88
Nico Ellis,male,group C,some college,standard,none,67,70,69
Lawrence Dickson,female,group A,some high school,free/reduced,completed,50,62,69
Arthur Glover,female,group E,associate's degree,standard,none,78,87,81
Corey Bishop,female,group E,associate's degree,free/reduced,completed,76,71,84
Zara Zavala,female,group C,some college,free/reduced,completed,53,72,69
Samson Oconnor,female,group C,bachelor's degree,standard,completed,60,76,80
Lucas Kaiser,female,group C,associate's degree,standard,none,68,80,78
Maci Powers,male,group C,bachelor's degree,standard,none,89,89,86
Gerardo Spence,female,group C,some high school,standard,none,72,74,69
Houston Mclaughlin,male,group E,some high school,standard,none,100,85,81
Karla Blanchard,female,group C,some college,standard,none,54,69,63
Lauren Orozco,male,group D,associate's degree,standard,completed,92,82,90
Ace Porter,male,group D,some college,free/reduced,none,75,67,67
Leila Lucero,female,group E,bachelor's degree,standard,none,77,98,87
Jaycee Bowman,female,group D,some high school,standard,completed,71,72,79
Liam Benitez,female,group D,some high school,free/reduced,none,56,63,69
Kara Bender,male,group E,some high school,standard,none,91,90,88
Raymond Duarte,male,group B,some college,standard,none,45,46,45
Derick Craig,male,group C,some high school,free/reduced,none,50,42,41
Brooke Benson,female,group B,bachelor's degree,standard,none,73,82,83
Yael Walsh,female,group D,associate's degree,free/reduced,completed,83,85,88
Cierra Rosales,female,group D,some college,standard,none,61,67,66
Livia Hanna,female,group C,some college,free/reduced,none,57,66,58
Madeline Avery,female,group D,associate's degree,standard,none,74,71,72
Armani Moses,female,group C,associate's degree,free/reduced,none,78,89,87
Zechariah Mullen,male,group D,some college,free/reduced,none,77,67,60
Aria Watts,female,group C,high school,standard,completed,93,95,95
Mathias Wang,male,group B,associate's degree,free/reduced,completed,70,62,61
Arabella Cox,male,group C,some high school,free/reduced,completed,56,65,59
Mark Christian,male,group B,some college,standard,none,54,58,52
Elsie Cook,male,group C,associate's degree,standard,completed,83,79,78
Van Hess,female,group B,high school,standard,none,58,67,69
Kadin Mckenzie,male,group E,some high school,free/reduced,completed,46,39,39
Cecilia Beck,male,group E,some college,standard,none,78,76,71
Yasmin Haas,female,group C,some college,free/reduced,none,53,65,60
Mikaela Mcconnell,male,group C,some high school,standard,none,72,65,62
Martha Shelton,male,group D,bachelor's degree,standard,none,61,61,65
Corey Khan,female,group D,associate's degree,standard,none,59,59,64
Miah Daniel,male,group A,high school,standard,none,61,57,47
Fatima Horne,female,group C,bachelor's degree,standard,none,49,67,64
Lilliana Cox,male,group A,associate's degree,standard,none,48,44,45
Solomon Mccoy,female,group C,associate's degree,standard,none,57,61,60
Nicolas Burns,female,group E,high school,free/reduced,completed,70,85,82
Solomon Ashley,female,group C,some high school,free/reduced,none,67,80,72
Nina Patterson,female,group C,some high school,standard,none,40,46,51
Gavin Newton,male,group C,some college,free/reduced,completed,81,83,87
Gabriella Gordon,male,group C,master's degree,standard,completed,97,87,88
Aydan Butler,female,group C,some high school,standard,completed,65,76,76
Bianca Mendez,female,group C,associate's degree,standard,completed,72,68,64
Semaj Branch,male,group B,some high school,free/reduced,completed,48,46,45
Maxwell Garrison,female,group D,high school,free/reduced,completed,49,63,65
Kamila Mcclain,male,group D,high school,free/reduced,none,57,55,54
Tony Wilkerson,male,group C,high school,standard,none,61,61,59
Kianna Ponce,female,group D,some college,standard,none,80,86,87
Reina Herman,female,group B,some college,standard,completed,67,72,74
Callie Walls,male,group B,master's degree,standard,none,60,52,50
Phoebe Dunlap,female,group C,master's degree,standard,completed,82,89,95
Raul Dunlap,male,group C,associate's degree,free/reduced,none,67,72,70
Leslie Galloway,female,group A,associate's degree,standard,completed,73,79,89
Aleena Thornton,male,group B,bachelor's degree,standard,none,80,64,66
Rene Harrell,female,group C,associate's degree,standard,none,64,76,72
George Ellis,female,group E,some college,standard,none,68,63,68
Elsa Day,male,group E,some college,free/reduced,none,58,55,55
Fletcher Mitchell,female,group C,some high school,standard,none,32,47,42
Trevor Thompson,female,group C,high school,free/reduced,completed,47,63,56
Annabella Jarvis,male,group E,some high school,standard,completed,78,70,69
Kole Foley,female,group D,some high school,standard,none,73,82,76
Kaitlyn Pratt,female,group D,bachelor's degree,free/reduced,none,59,66,71
Miley Solomon,female,group E,some college,standard,completed,68,84,83
Phoenix Orr,female,group D,some college,standard,none,57,63,66
Arjun Bond,male,group D,associate's degree,standard,none,82,87,82
Sara Alvarado,male,group D,associate's degree,free/reduced,none,66,68,63
Josiah Schneider,female,group C,associate's degree,standard,none,63,76,72
Josh Adams,female,group B,some college,standard,completed,67,67,73
Javion Arnold,female,group C,some high school,free/reduced,completed,50,64,58
Landin Wilkerson,female,group B,bachelor's degree,standard,none,68,76,73
Bridget Bates,male,group B,associate's degree,standard,none,48,44,36
Natalya Reese,male,group D,some high school,standard,none,64,52,49
Malaki Macias,female,group B,high school,free/reduced,completed,59,68,67
Issac Reeves,male,group A,high school,standard,none,76,71,67
Evelyn Price,female,group A,high school,standard,none,56,67,59
Jazlynn Trevino,female,group C,bachelor's degree,standard,none,68,78,76
Markus Cobb,male,group B,some college,standard,none,79,70,71
Saniya Rangel,female,group E,some high school,standard,none,61,66,69
Draven Rojas,female,group A,associate's degree,free/reduced,none,40,57,50
Valentina Bowen,male,group D,associate's degree,free/reduced,none,71,75,74
Nicolas Villanueva,female,group D,high school,standard,none,46,48,47
Dylan Hanna,female,group D,some college,standard,completed,62,62,68
Steven Sweeney,female,group C,some college,standard,completed,54,81,76
Kamari Charles,female,group C,high school,standard,none,59,75,68
Hana Rollins,female,group B,some high school,standard,none,48,56,54
Gabriel Velez,male,group C,some college,standard,none,55,51,49
Camron Miranda,male,group B,high school,free/reduced,none,42,38,33
Ryan Richardson,male,group A,associate's degree,standard,none,66,57,57
Lee Mcfarland,female,group C,associate's degree,free/reduced,none,60,80,73
Will Cantrell,female,group B,some college,free/reduced,none,63,76,68
Aracely Graham,male,group B,high school,standard,none,70,62,60
Hector Simon,female,group B,some college,free/reduced,completed,46,59,58
Paola Massey,female,group C,some high school,free/reduced,none,42,66,55
Terry Koch,female,group B,bachelor's degree,free/reduced,completed,73,89,90
Kian Drake,female,group C,some college,standard,none,51,64,59
Felix Costa,male,group A,high school,standard,completed,64,62,54
Layton Hale,female,group B,master's degree,standard,completed,88,89,95
Israel Lin,female,group D,associate's degree,standard,completed,62,69,73
Elyse Leach,female,group D,associate's degree,standard,completed,88,85,93
Mateo Mosley,male,group B,some college,free/reduced,none,58,63,53
Janiah Booth,female,group D,high school,standard,none,74,85,82
Cameron Jacobson,female,group E,high school,free/reduced,none,63,58,59
Britney Conrad,male,group E,some high school,standard,none,75,70,64
Jazmyn Shannon,male,group B,some high school,standard,completed,58,62,60
Quintin Winters,male,group A,bachelor's degree,free/reduced,none,65,52,50
Jaylon Stewart,female,group D,some college,standard,none,82,91,92
Colt Pitts,female,group D,master's degree,standard,none,72,84,85
Cole Obrien,female,group A,associate's degree,standard,none,59,69,70
Brenna Buchanan,male,group E,some college,standard,none,65,60,54
Ahmad Holloway,female,group D,associate's degree,free/reduced,none,75,76,82
Alyssa Steele,male,group E,high school,free/reduced,completed,67,68,66
Lewis Camacho,male,group C,some high school,standard,none,46,44,43
Alivia Berry,male,group E,associate's degree,free/reduced,none,71,61,60
Coby David,male,group A,master's degree,free/reduced,none,86,89,83
Georgia Merritt,female,group C,associate's degree,standard,none,85,92,85
Catalina Boyer,male,group C,some high school,standard,completed,76,81,83
Odin Larson,male,group E,associate's degree,standard,none,74,55,49
Rosa Ingram,male,group C,high school,free/reduced,none,62,58,50
Sophia Chung,male,group E,associate's degree,free/reduced,completed,57,61,54
Bruce Clements,female,group C,bachelor's degree,standard,none,74,76,78
Madyson Hinton,female,group E,master's degree,standard,completed,94,100,100
Gabriella Stanton,male,group B,high school,standard,none,82,82,79
David Curry,male,group B,some college,free/reduced,none,52,49,42
Madilyn Wilkinson,male,group C,some high school,standard,completed,57,50,51
Shaylee Luna,male,group C,some high school,free/reduced,completed,71,65,62
Noel Weiss,female,group D,associate's degree,free/reduced,completed,52,65,70
Mathew Ward,male,group B,master's degree,standard,completed,72,68,65
Aylin Hahn,male,group C,some high school,standard,completed,73,74,69
Jaeden Weber,male,group C,bachelor's degree,standard,none,58,57,53
Cole Jenkins,male,group E,master's degree,standard,none,82,70,68
Carina Jennings,female,group C,some college,standard,none,71,65,70
Kaya Miller,male,group E,high school,free/reduced,none,36,34,36
Ryleigh Boyd,female,group D,some college,free/reduced,none,45,58,61
Abril Compton,female,group C,bachelor's degree,free/reduced,none,50,65,62
Jazlene Rivas,male,group B,bachelor's degree,standard,none,70,66,67
Reina Carey,female,group D,bachelor's degree,standard,none,81,91,93
Byron Mora,female,group B,high school,standard,none,72,79,86
Rowan Vazquez,female,group D,master's degree,standard,none,70,80,82
Karen Miles,female,group C,associate's degree,standard,none,46,60,60
Beatrice Fox,male,group C,high school,standard,completed,56,62,58
Yuliana Goodwin,female,group D,high school,standard,completed,95,91,100
Norah Armstrong,male,group D,high school,free/reduced,none,56,49,44
Lilyana Fuentes,male,group D,some college,standard,none,54,44,46
Riley Arroyo,female,group A,some high school,standard,none,56,56,57
Quinn Wilkinson,female,group E,some high school,standard,none,72,75,70
Jewel Zuniga,female,group E,some college,standard,none,75,76,76
Salvatore Dalton,male,group B,master's degree,standard,completed,94,81,87
Kiley Trevino,male,group B,associate's degree,free/reduced,completed,55,56,55
Priscilla Williams,female,group D,some high school,free/reduced,none,59,65,63
Layton Rollins,female,group C,some college,standard,none,61,65,59
Ashley Chavez,male,group B,bachelor's degree,standard,completed,94,90,94
Alonzo Park,female,group C,some high school,standard,none,67,72,77
Emerson Morse,female,group C,master's degree,free/reduced,none,39,55,63
Carson Ferguson,female,group B,bachelor's degree,free/reduced,none,69,80,77
Yurem Beasley,male,group D,some high school,free/reduced,none,52,45,43
Terrence Carrillo,female,group A,high school,standard,completed,53,60,58
Karsyn Barton,male,group D,high school,standard,completed,72,75,73
Santos Meyers,female,group E,some high school,standard,none,90,86,90
Josie Willis,male,group C,associate's degree,standard,none,69,62,62
David Harding,female,group E,some high school,free/reduced,none,60,60,57
Scarlett Braun,male,group B,some high school,free/reduced,none,43,42,46
Dustin Adams,male,group A,master's degree,standard,completed,85,80,86
Zachery Fritz,female,group C,high school,standard,none,58,69,66
Kyra Dyer,male,group C,associate's degree,standard,none,56,47,52
Curtis Rivers,male,group D,associate's degree,standard,none,54,48,48
Elisabeth Kaufman,female,group C,some college,free/reduced,none,48,63,56
Kaylah Livingston,female,group A,associate's degree,free/reduced,none,52,61,64
Kamren Diaz,male,group C,high school,standard,none,71,65,61
Arianna Craig,male,group D,bachelor's degree,standard,none,82,78,78
Brendan Hines,female,group D,high school,standard,completed,60,54,68
Frida Mccann,male,group D,master's degree,standard,none,63,58,64
Adelyn Shannon,male,group E,associate's degree,free/reduced,completed,90,76,79
Calvin Carpenter,female,group C,some college,free/reduced,none,56,62,62
Kenya Briggs,female,group D,some high school,free/reduced,completed,51,74,76
Deven Knapp,male,group B,associate's degree,standard,none,94,86,80
Jayvion Fletcher,male,group E,associate's degree,standard,none,55,59,52
Mallory Thompson,male,group D,high school,standard,none,90,80,81
Carl Liu,female,group E,some college,standard,none,55,71,63
Shane Mckay,male,group C,associate's degree,standard,completed,66,60,66
Keenan Sloan,female,group B,some college,free/reduced,completed,44,68,66
Adeline Woodard,male,group E,high school,standard,none,95,79,76
Nolan Hardin,male,group D,high school,free/reduced,none,75,69,65
Cyrus Benton,female,group C,some college,standard,none,68,79,74
Angel Hess,female,group B,associate's degree,free/reduced,completed,69,84,82
Jovani Terrell,female,group D,associate's degree,standard,none,68,76,78
Josephine Davila,female,group C,high school,standard,completed,55,58,60
Tyree Silva,male,group A,some college,free/reduced,completed,58,65,60
Zaiden Mckinney,female,group A,some college,standard,completed,83,78,83
Karsyn Crawford,male,group A,some college,standard,none,56,53,51
Shelby Levy,female,group A,associate's degree,free/reduced,none,37,55,50
Maci Chase,male,group E,some high school,standard,none,43,42,26
Dayton Andrews,female,group C,master's degree,standard,none,69,81,77
Shayla Sloan,male,group C,some high school,free/reduced,completed,78,74,74
Declan Osborn,male,group C,master's degree,standard,none,80,81,76
Kara Ewing,female,group D,some high school,standard,none,74,94,96
Victor Douglas,female,group A,bachelor's degree,standard,completed,79,93,95
Deshawn Greene,male,group B,associate's degree,standard,none,59,53,48
Phoenix Leonard,female,group C,some college,standard,none,76,85,82
Yesenia Nolan,female,group D,associate's degree,standard,completed,72,84,88
Davin Burnett,male,group B,some college,free/reduced,completed,55,65,62
Cora Daniel,male,group C,high school,standard,none,68,66,55
Lilyana Bolton,male,group C,master's degree,standard,none,84,78,77
Krish Webb,female,group C,associate's degree,standard,completed,87,100,100
Fernando Wolf,female,group B,associate's degree,standard,none,89,91,97
Valery Crawford,male,group C,associate's degree,free/reduced,completed,81,87,90
Eli Hensley,female,group B,associate's degree,standard,none,72,87,82
Elise Clements,male,group C,associate's degree,standard,none,83,78,73
Tristan Welch,female,group E,associate's degree,standard,completed,93,100,100
Easton Mullins,female,group C,associate's degree,free/reduced,completed,67,82,84
Lailah Bush,female,group C,some college,standard,completed,75,76,77
Payten Bender,male,group C,some college,standard,none,66,67,60
Xiomara Cameron,male,group C,some high school,standard,completed,64,73,69
Bobby Hahn,male,group D,some college,free/reduced,none,82,74,73
Jamarcus Riddle,female,group A,some high school,standard,completed,74,87,78
Cash Bruce,female,group E,some high school,standard,none,76,84,76
Sarah Gallegos,male,group E,bachelor's degree,standard,completed,100,100,100
Joselyn Riggs,male,group B,some high school,standard,none,69,61,59
Tiara Gallegos,male,group C,high school,standard,completed,84,84,80
Kenneth Townsend,male,group D,some college,standard,none,79,67,70
Ramiro Burnett,female,group E,some college,standard,completed,100,100,100
Moises Dillon,female,group B,associate's degree,free/reduced,none,58,58,60
Ian Andersen,male,group B,high school,standard,none,73,59,58
Aurora Patterson,male,group B,bachelor's degree,standard,completed,61,67,62
Sophia Hood,male,group D,some college,free/reduced,none,70,68,65
Alan Warner,male,group D,some college,free/reduced,none,55,61,57
Ulises Osborn,female,group D,some high school,standard,none,67,76,77
Cale Fischer,female,group D,high school,free/reduced,completed,79,95,91
Yareli Parrish,female,group C,associate's degree,free/reduced,none,75,77,72
Markus Stein,male,group C,associate's degree,free/reduced,completed,75,87,83
Colt Huber,male,group D,associate's degree,standard,none,98,95,87
Andreas Duncan,female,group A,associate's degree,standard,none,80,86,86
Angel Camacho,female,group C,high school,free/reduced,none,49,57,56
Luz Duarte,male,group D,some high school,free/reduced,none,56,56,52
Ernest Larson,male,group B,some college,standard,none,72,74,76
Rhianna Romero,male,group B,bachelor's degree,standard,completed,69,71,71
Ryder Gill,male,group E,associate's degree,free/reduced,none,51,35,43
Felipe Price,female,group C,some college,standard,completed,88,92,95
Ean Patton,male,group C,associate's degree,standard,completed,77,75,75
Cynthia Carlson,male,group C,some high school,standard,completed,66,70,67
Lena Ware,female,group C,some college,standard,completed,63,67,67
Skylar Benitez,female,group D,master's degree,standard,none,72,91,91
Abbie Hartman,male,group A,some high school,standard,completed,79,76,78
Silas Patrick,male,group C,associate's degree,free/reduced,none,59,66,60
Xavier Benitez,female,group C,some high school,standard,none,44,55,53
Stanley Foster,male,group C,bachelor's degree,standard,none,73,68,66
Martin Hardy,female,group B,high school,standard,none,76,77,76
Esteban Ewing,female,group C,associate's degree,standard,completed,48,62,68
Harper Waller,male,group C,associate's degree,standard,none,65,66,61
Jorden Franco,male,group A,associate's degree,standard,none,81,93,82
Cierra Shepherd,male,group C,associate's degree,free/reduced,none,56,52,49
Zackery Santiago,male,group C,bachelor's degree,standard,none,75,64,69
Carl Potter,male,group B,high school,standard,none,52,51,49
Carmelo Cordova,male,group C,associate's degree,standard,completed,100,84,84
Gilberto Barron,female,group C,some college,standard,completed,92,93,98
Isai Blake,male,group C,some high school,standard,completed,68,63,67
Lindsey Huber,male,group C,some high school,standard,none,50,40,39
Mylie Lewis,female,group D,some high school,standard,none,59,55,53
Rashad Sosa,male,group B,some college,standard,none,65,60,56
Rafael Parsons,female,group D,high school,standard,none,57,69,63
Kiley Meyers,male,group E,some college,standard,none,84,85,81
Brendan Terrell,male,group C,master's degree,standard,none,56,64,57
Amy Woodward,male,group C,associate's degree,standard,none,82,75,71
Jaiden Beltran,female,group C,master's degree,free/reduced,none,66,69,69
Seamus Santana,male,group A,bachelor's degree,free/reduced,completed,72,78,78
Dennis Lopez,female,group B,high school,free/reduced,none,40,43,41
Ayana Odom,male,group D,associate's degree,standard,none,49,49,42
Ali Bartlett,male,group C,high school,standard,completed,69,72,74
Micheal Mcgrath,male,group D,high school,free/reduced,none,66,50,57
Jett Robbins,female,group C,bachelor's degree,standard,none,84,91,83
Zackary Boyer,male,group D,some high school,standard,none,63,55,55
Ainsley Mills,female,group B,bachelor's degree,free/reduced,none,67,89,84
Dawson Ferrell,female,group E,master's degree,free/reduced,none,65,75,72
Sophie Schmitt,female,group D,associate's degree,free/reduced,none,77,88,81
Ryker Schwartz,female,group C,some college,free/reduced,none,50,58,62
Anne Cervantes,male,group B,associate's degree,standard,completed,80,79,80
Eli Lyons,male,group C,associate's degree,standard,completed,88,77,74
Laylah Dudley,female,group B,some college,free/reduced,completed,55,81,75
Demarcus Boyer,female,group B,associate's degree,free/reduced,completed,53,60,59
Kolton Roberts,male,group C,some college,standard,completed,88,85,82
Nina Hunt,female,group A,some college,free/reduced,none,23,37,43
Melany Carroll,female,group B,some high school,free/reduced,none,38,51,47
Kassidy Bauer,male,group C,some college,free/reduced,none,74,74,66
Dereon Garza,male,group D,bachelor's degree,standard,completed,88,80,83
Janiya Conway,male,group C,some high school,standard,completed,83,85,87
Humberto Mcmillan,female,group B,some college,standard,none,77,85,81
Maxim Lang,female,group C,high school,standard,completed,65,78,74
Aleah Chung,female,group B,high school,standard,none,66,77,69
Coleman Ortiz,male,group D,associate's degree,standard,none,72,63,63
Ronan Marshall,male,group C,some college,free/reduced,completed,54,71,65
Jose Benitez,female,group C,high school,free/reduced,none,47,66,66
Jaelynn Logan,female,group A,some high school,free/reduced,none,53,63,61
Evelin Waller,male,group C,associate's degree,standard,completed,80,75,74
Gisselle Hill,female,group C,associate's degree,standard,completed,64,89,91
Walter Hendrix,female,group C,high school,standard,none,80,82,81
Madalynn Larson,female,group E,some high school,free/reduced,none,70,79,79
Marshall Stevenson,female,group B,some college,standard,completed,70,77,82
Adriel Foley,female,group C,bachelor's degree,standard,completed,87,90,96
Laney Marks,male,group C,associate's degree,standard,none,61,56,53
Marquis Blake,male,group A,some high school,standard,completed,66,63,67
Rose Pitts,male,group E,some high school,free/reduced,completed,68,56,52
Carlie Rivas,male,group C,some college,standard,completed,71,73,70
Skyla Cherry,female,group C,some high school,standard,completed,69,81,83
Tony Ferguson,female,group E,associate's degree,free/reduced,none,55,61,52
Brayan Murray,female,group B,some high school,standard,none,67,83,79
Lina Crawford,male,group B,associate's degree,standard,completed,90,81,80
Rhys Buck,male,group D,some high school,standard,completed,70,64,73
Ayla Ross,male,group C,associate's degree,standard,none,87,78,78
Alisson Hudson,female,group B,bachelor's degree,standard,none,49,62,56
Kaydence Fowler,male,group B,some high school,free/reduced,completed,33,38,42
Kali Ruiz,male,group A,some high school,free/reduced,none,66,74,65
Jayla Quinn,female,group D,high school,standard,none,81,90,85
Jakobe Kennedy,male,group B,some high school,standard,none,62,55,48
Izabella Blevins,female,group D,some high school,standard,none,66,75,77
Tiffany Grimes,female,group B,some high school,standard,completed,69,81,82
Paul Berg,male,group E,some high school,standard,none,63,59,49
Lamont Donaldson,female,group D,some high school,standard,none,53,68,63
Reese Green,male,group D,high school,free/reduced,none,48,57,50
Jake Morse,male,group E,some college,free/reduced,completed,96,98,92
Armando Parks,female,group A,some college,free/reduced,none,55,78,69
Leslie Hendricks,female,group C,associate's degree,standard,none,47,53,57
Bennett Hendrix,female,group B,associate's degree,free/reduced,none,57,63,65
Karlie Brennan,female,group A,some high school,standard,completed,66,77,77
Jaden Kidd,male,group D,associate's degree,standard,none,69,59,61
Destinee Hudson,female,group B,some college,standard,none,60,74,78
Catherine Campbell,female,group B,bachelor's degree,free/reduced,completed,61,77,77
Alexandra Nielsen,male,group C,high school,free/reduced,none,56,66,61
Kristian Pierce,female,group C,associate's degree,standard,none,75,88,90
Kevin Short,female,group E,bachelor's degree,standard,none,83,82,83
Gemma Cline,male,group D,some high school,standard,none,39,26,23
Laurel Aguilar,male,group D,some high school,standard,none,54,50,49
Marcelo Morris,female,group D,some college,standard,completed,78,83,85
Sam Raymond,female,group E,high school,standard,none,59,68,65
Tess Alvarado,female,group B,some high school,standard,none,44,52,47
Talon Hess,female,group B,some high school,free/reduced,completed,77,92,90
Ronin Jenkins,female,group B,some college,standard,none,63,67,72
Mohammed Swanson,female,group B,high school,standard,none,58,68,61
Bruno Thompson,male,group B,associate's degree,standard,completed,69,63,73
Randy Meyers,male,group D,some college,standard,none,74,75,70
Sabrina Reyes,female,group E,associate's degree,standard,completed,75,79,83
Jazmyn Landry,male,group C,associate's degree,free/reduced,completed,64,58,54
Yareli Neal,male,group C,some college,standard,completed,75,69,68
Arabella Dennis,female,group D,some high school,free/reduced,completed,37,54,55
Cortez Dickson,male,group A,some college,standard,none,59,55,53
Brian Jones,female,group D,some high school,standard,completed,60,66,73
Chace Clay,male,group A,high school,standard,none,84,70,71
Gianni Sparks,female,group C,some college,standard,none,87,91,91
Tyrell Mcknight,female,group B,associate's degree,standard,none,68,70,63
Rubi Norman,female,group B,associate's degree,free/reduced,none,57,77,72
Dominic Marshall,male,group C,bachelor's degree,standard,completed,67,64,67
April Ho,female,group B,some college,standard,none,54,57,56
Gustavo Santana,male,group B,bachelor's degree,standard,completed,81,78,77
Jay Duffy,male,group C,some high school,standard,none,65,57,55
Hunter Burton,female,group C,bachelor's degree,standard,completed,77,81,93
Macy Newton,female,group D,high school,standard,completed,73,69,75
Nayeli Zamora,male,group C,high school,standard,completed,83,87,80
Ashly Shea,female,group B,some high school,standard,none,61,68,70
Gabriel Bird,male,group C,master's degree,standard,none,81,85,77
Anya Hardin,female,group C,bachelor's degree,standard,completed,79,90,93
Nasir Holt,male,group D,associate's degree,standard,none,81,69,68
Eleanor Osborn,female,group B,some high school,free/reduced,none,33,52,52
Danika Quinn,male,group C,master's degree,standard,none,56,49,48
Brock Morgan,female,group D,bachelor's degree,standard,none,83,89,94
Alannah Giles,male,group A,bachelor's degree,standard,none,69,67,58
Janet Mcpherson,female,group A,high school,standard,none,66,81,83
June Esparza,male,group B,some college,free/reduced,none,65,63,56
Franco Travis,female,group C,some college,standard,completed,70,73,79
Mathias Rios,female,group D,some college,standard,completed,69,78,81
Camden Gillespie,male,group B,high school,standard,none,65,57,53
Abram Koch,female,group B,some college,standard,completed,73,79,87
Logan Clayton,female,group D,some college,free/reduced,completed,67,79,87
Randy Young,male,group E,some college,standard,completed,100,100,99
Kiersten Krause,female,group C,bachelor's degree,free/reduced,none,70,94,90
Ricky Barton,female,group B,high school,standard,none,62,82,77
Finley Perez,female,group B,high school,standard,completed,88,92,92
Alena Arroyo,male,group E,associate's degree,free/reduced,completed,80,82,84
Kaylyn Zamora,female,group D,bachelor's degree,standard,none,75,98,98
Kaia Bates,female,group C,associate's degree,free/reduced,none,66,80,74
Zayne Hubbard,female,group C,some high school,free/reduced,completed,25,43,40
Abbie Bryan,male,group B,some high school,standard,none,53,53,53
Neveah Perkins,female,group B,associate's degree,free/reduced,none,40,55,51
Cassidy Tapia,female,group E,associate's degree,standard,completed,86,90,90
Erik Waters,female,group E,high school,standard,none,57,65,65
Elliott Carson,female,group A,master's degree,standard,none,80,77,81
Krista Anthony,female,group C,some college,standard,none,69,88,90
Devin Romero,male,group C,high school,free/reduced,none,80,85,71
Jimena Lyons,female,group D,bachelor's degree,free/reduced,none,68,87,84
Sawyer Stanton,male,group E,some high school,standard,completed,62,52,55
Giancarlo Bryant,female,group A,bachelor's degree,free/reduced,none,53,59,56
Ainsley Adkins,male,group D,bachelor's degree,free/reduced,none,45,50,50
Essence Serrano,male,group E,some college,standard,completed,100,100,100
Kendrick Camacho,female,group D,some college,standard,none,65,66,70
Kendal Martin,female,group E,some high school,standard,completed,57,69,66
Zoe Floyd,male,group D,bachelor's degree,standard,completed,71,80,72
Kendal Holland,female,group C,some college,standard,none,47,49,48
Tiara Olson,male,group B,high school,standard,none,37,39,37
Aedan Burton,male,group A,some college,free/reduced,completed,71,87,82
Seth Newman,male,group D,associate's degree,standard,none,74,64,67
Bryson Browning,female,group D,bachelor's degree,free/reduced,none,54,75,76
Bo Petty,female,group B,some college,standard,none,42,48,47
Ximena Lynch,male,group C,high school,standard,none,59,53,49
Keira Serrano,male,group B,some college,standard,none,86,83,80
Kaiden Molina,male,group D,associate's degree,free/reduced,none,42,50,48
Tabitha Ward,male,group E,some college,standard,none,70,64,59
Tomas Santiago,male,group D,bachelor's degree,standard,completed,66,73,71
Natasha Todd,male,group D,master's degree,standard,none,76,69,72
Amare Mayer,female,group D,some college,free/reduced,completed,43,56,62
Ryland Mendez,female,group D,high school,standard,none,71,70,71
Jayda Bartlett,male,group C,some high school,standard,completed,70,81,79
Kaydence Bishop,female,group C,associate's degree,standard,completed,61,66,73
Nathen Kirby,female,group E,some high school,standard,none,62,56,61
Kimora Dickerson,male,group C,bachelor's degree,standard,none,80,79,75
Oswaldo Yu,female,group D,associate's degree,standard,completed,68,79,83
Deshawn Fritz,male,group C,master's degree,standard,completed,100,90,85
Raphael Lam,male,group C,bachelor's degree,free/reduced,none,67,60,61
Zayne Zuniga,male,group B,some college,standard,none,54,46,48
Noemi Paul,male,group D,bachelor's degree,free/reduced,none,74,79,74
Owen Crane,female,group B,some high school,standard,none,68,66,70
Maya Melton,female,group B,some college,standard,none,83,95,89
Ralph Jennings,male,group C,some high school,free/reduced,none,74,64,70
Hayden Villegas,male,group D,bachelor's degree,standard,none,63,69,59
Stella Beck,male,group B,high school,standard,completed,89,87,85
Colten Cooper,male,group B,bachelor's degree,standard,none,60,57,56
Tristin Drake,male,group C,high school,standard,none,67,65,68
Michaela Clay,female,group B,high school,standard,none,63,78,72
Giada Parks,female,group D,master's degree,free/reduced,completed,73,72,75
Dexter Schaefer,female,group C,some college,standard,completed,54,56,58
Ximena Fritz,male,group E,associate's degree,standard,none,90,85,81
Gabriel Cline,male,group C,some college,standard,completed,71,79,81
Cole Leblanc,male,group D,bachelor's degree,standard,none,55,51,53
Karlee Long,male,group C,some college,free/reduced,none,73,70,69
Jordin Austin,male,group D,high school,free/reduced,none,63,70,60
Valeria Huber,female,group C,associate's degree,standard,none,55,61,60
Macey Richmond,male,group D,some high school,free/reduced,completed,44,58,49
Kate Pruitt,male,group B,some college,free/reduced,completed,50,56,51
Janiyah Schmitt,male,group B,bachelor's degree,standard,completed,71,71,66
Kamari Ware,female,group C,master's degree,standard,none,73,90,87
Brooklynn Cooke,female,group C,some college,standard,none,67,65,62
Mariela Foster,male,group B,associate's degree,standard,none,56,61,58
Colt Lawson,female,group D,master's degree,standard,completed,86,86,98
Aniyah Norton,male,group B,master's degree,standard,none,71,66,65
Matteo Oconnor,female,group A,some high school,free/reduced,completed,56,73,74
Carleigh Manning,female,group D,master's degree,standard,none,76,73,76
Aarav Donovan,male,group D,some college,free/reduced,completed,74,77,77
Evan Black,male,group E,some college,free/reduced,none,79,78,66
Chaim Hendrix,female,group C,some high school,standard,none,39,43,48
Carson Edwards,female,group C,master's degree,standard,none,94,93,88
Yazmin Moses,male,group E,some high school,free/reduced,completed,81,71,71
Aldo Munoz,female,group D,some college,free/reduced,completed,63,73,77
Ahmad Myers,female,group B,some college,free/reduced,none,35,49,49
Lilian Gaines,male,group C,bachelor's degree,standard,completed,72,76,74
Adelyn Harrison,male,group B,some college,free/reduced,completed,62,64,61
Jake Forbes,male,group D,high school,free/reduced,none,72,66,68
Grant Powell,female,group E,high school,free/reduced,none,62,54,55
Steve Bullock,male,group C,some high school,free/reduced,none,64,62,56
Mateo Hicks,female,group D,some high school,standard,none,64,63,65
Kailey Atkinson,male,group B,high school,free/reduced,completed,72,72,67
Harmony Ashley,male,group E,some college,free/reduced,none,80,82,75
Angelo Stanley,male,group D,high school,standard,completed,69,56,58
Tyrell Hester,male,group B,associate's degree,free/reduced,none,72,60,61
Graham Riddle,male,group B,some high school,standard,none,59,51,52
Emmy Mack,female,group B,bachelor's degree,free/reduced,completed,68,87,84
Amelie Cisneros,male,group E,bachelor's degree,free/reduced,completed,77,66,74
Grace Atkinson,female,group E,some high school,free/reduced,none,67,71,67
Isai Novak,male,group B,master's degree,free/reduced,none,54,59,56
Mara Collins,female,group D,some college,standard,completed,84,86,93
Tessa Clements,male,group E,associate's degree,standard,completed,100,92,92
Jaydan Boyd,male,group D,some high school,standard,none,81,74,73
Makhi Flynn,male,group C,some college,standard,completed,72,81,74
Dayanara Delgado,female,group B,high school,free/reduced,none,45,57,43
Skye Klein,female,group B,some high school,standard,none,36,43,41
Allyson Gillespie,female,group E,some college,standard,completed,92,100,100
Chana Bender,male,group E,bachelor's degree,free/reduced,none,80,80,69
Byron Zuniga,female,group D,bachelor's degree,standard,completed,46,56,58
Anabel Arnold,male,group D,high school,standard,completed,83,79,82
Brian Summers,male,group C,master's degree,standard,completed,76,74,74
Simon Rivers,male,group C,master's degree,standard,none,76,82,75
Alena Bolton,male,group C,some college,standard,completed,88,83,80
Lauren Ferrell,female,group D,some college,free/reduced,none,61,62,65
Cortez Barnes,male,group E,bachelor's degree,standard,none,80,76,74
Mitchell French,female,group A,some high school,free/reduced,completed,38,42,48
Charlie Bell,male,group D,master's degree,free/reduced,none,61,58,61
Braedon Payne,male,group D,high school,standard,none,60,48,52
Jessica West,male,group B,associate's degree,standard,none,55,62,51
Camille Kirk,female,group D,some high school,standard,completed,90,98,98
Devon Kaiser,female,group A,high school,standard,none,76,81,81
Sylvia Wong,female,group C,some high school,standard,none,68,75,71
Kylan Alexander,male,group D,bachelor's degree,free/reduced,completed,57,64,60
Zain Durham,female,group C,some high school,free/reduced,none,36,46,43
Leah Mejia,female,group B,some college,free/reduced,none,40,66,60
Augustus Padilla,male,group C,master's degree,standard,none,60,53,54
Marely Vazquez,male,group D,bachelor's degree,standard,completed,81,79,77
Rubi Hunt,female,group E,some high school,standard,none,61,75,71
Johan Myers,female,group D,some high school,free/reduced,none,46,54,54
Jasper Hooper,male,group E,bachelor's degree,free/reduced,none,74,68,64
Draven Leach,male,group E,associate's degree,free/reduced,none,70,67,60
Sean Morris,male,group B,some college,standard,none,66,55,58
Efrain Garcia,female,group B,some college,standard,none,62,61,60
Magdalena Hickman,female,group D,some college,standard,none,60,69,72
Jayden Massey,male,group B,master's degree,standard,none,90,90,85
Bailey Dunlap,male,group D,high school,free/reduced,completed,74,64,73
Maximillian Weber,male,group C,master's degree,standard,none,76,73,73
Jamar Mathews,male,group B,some high school,free/reduced,none,80,66,61
Kyla Trujillo,female,group B,associate's degree,standard,none,79,83,87
Michaela Marquez,male,group D,bachelor's degree,standard,none,92,81,81
Brisa Villarreal,male,group C,associate's degree,standard,completed,87,84,81
Josie Berger,male,group D,some high school,free/reduced,none,64,62,54
August Carr,female,group C,some college,free/reduced,none,68,83,83
Alijah Foster,male,group D,master's degree,free/reduced,completed,46,53,53
Marisol Johnson,female,group B,associate's degree,standard,none,84,89,91
Liam Marks,female,group E,master's degree,standard,none,100,92,100
Rishi Wiggins,male,group C,some high school,free/reduced,completed,62,71,63
Sammy Kennedy,male,group B,master's degree,standard,completed,78,69,76
Yasmine Bridges,female,group B,associate's degree,standard,completed,56,66,65
Dana Murillo,male,group C,some college,free/reduced,completed,44,48,44
Camren Peck,male,group D,some high school,free/reduced,none,64,59,51
Harrison Hampton,female,group C,associate's degree,standard,completed,48,69,72
Danielle Mcgrath,male,group E,some college,standard,none,88,83,70
Josie Harvey,male,group C,some high school,standard,completed,77,72,69
Mariyah Pena,female,group C,associate's degree,free/reduced,none,39,47,41
Nick Huang,male,group C,some college,standard,none,78,75,68
Karlie Vargas,female,group D,some high school,standard,none,57,65,66
Quinn Daniels,female,group A,some high school,free/reduced,none,37,45,46
Tyshawn Ryan,female,group D,high school,free/reduced,none,52,62,69
Billy Shah,male,group E,high school,standard,none,71,63,61
Jaliyah Johnston,female,group D,some college,free/reduced,completed,65,77,82
Cristian Dean,male,group B,some high school,standard,none,81,77,74
Harper Archer,female,group A,some high school,standard,none,57,54,52
Matilda Andrade,male,group D,associate's degree,standard,none,88,79,82
Sincere Newton,female,group D,high school,free/reduced,none,56,69,73
Gretchen Townsend,female,group C,associate's degree,standard,completed,48,50,59
Mario Reyes,male,group C,master's degree,free/reduced,none,46,40,43
William Crane,male,group D,associate's degree,standard,completed,88,85,90
Yasmine Koch,female,group E,some college,standard,none,91,91,87
Guadalupe Sweeney,male,group C,high school,free/reduced,completed,82,89,84
Gideon Moon,female,group E,some college,free/reduced,completed,67,82,81
Leyla Kidd,male,group A,some high school,standard,none,44,41,36
Jean Dunlap,female,group C,associate's degree,standard,none,69,74,72
Jax Hendrix,male,group B,some college,free/reduced,none,54,48,43
Cora Shepherd,male,group A,master's degree,free/reduced,completed,56,65,66
Zion Walker,male,group C,high school,standard,none,64,74,64
Haleigh Barajas,female,group C,high school,standard,completed,72,72,73
Omar Benson,male,group C,some high school,free/reduced,none,68,66,56
Payton Robbins,male,group A,associate's degree,free/reduced,completed,50,52,51
Laura Eaton,male,group C,some college,standard,none,53,52,53
Kyle Woodard,female,group D,high school,free/reduced,none,35,51,50
Trey Hurley,male,group D,some high school,standard,completed,63,62,60
Mira Myers,male,group E,associate's degree,standard,completed,75,64,60
Mariana Berry,male,group E,bachelor's degree,standard,none,100,86,83
Hudson Oconnell,female,group E,some high school,standard,none,67,80,74
Mark Levine,male,group C,associate's degree,standard,none,78,80,79
Mia Conway,female,group D,some high school,standard,none,54,55,54
Kobe Archer,female,group E,some college,standard,none,89,100,100
Payton Davies,male,group D,some high school,standard,none,94,84,87
Amani Finley,male,group B,some high school,standard,none,70,63,58
Reed Bartlett,female,group D,some high school,free/reduced,completed,66,85,89
Chaz Ferguson,female,group A,bachelor's degree,standard,completed,59,88,91
Adelyn Escobar,female,group A,some college,free/reduced,completed,36,51,56
Addison Vaughan,female,group A,master's degree,free/reduced,none,77,92,89
Trevin Randall,female,group B,high school,standard,none,37,56,49
Kallie Whitehead,male,group C,high school,standard,none,76,74,73
Giana Bush,female,group C,some college,standard,none,59,59,61
Seth Horn,female,group E,some high school,free/reduced,none,71,71,74
Jordyn Simon,female,group B,some college,standard,none,78,74,74
Shyla Todd,female,group E,master's degree,standard,completed,67,74,75
Kaleb Cobb,male,group C,associate's degree,standard,none,78,75,70
Emiliano Sparks,male,group B,high school,free/reduced,completed,57,51,46
Skylar Sandoval,female,group B,some college,standard,none,52,65,58
Sophie Snow,male,group C,bachelor's degree,free/reduced,none,74,68,65
Lillianna Newman,female,group E,some college,standard,none,80,82,84
Tucker Burgess,female,group A,some high school,free/reduced,completed,70,88,85
Izayah Brock,female,group A,some college,standard,none,74,73,78
Dulce Richardson,female,group B,bachelor's degree,standard,completed,77,88,93
Jose Norris,female,group D,some college,standard,none,63,68,70
Martha Mccall,female,group E,associate's degree,standard,completed,87,84,88
Leandro Riddle,female,group D,master's degree,standard,completed,90,98,100
Kaya Herman,female,group D,some college,free/reduced,none,53,73,76
Caitlyn Simmons,male,group B,some high school,standard,none,70,54,55
Mariah Levine,male,group A,bachelor's degree,free/reduced,none,45,67,61
Allison Delgado,male,group D,high school,free/reduced,none,24,25,24
Teresa Edwards,male,group C,high school,standard,none,63,55,48
Stephen Molina,male,group A,some college,standard,none,59,59,56
Serena Morton,male,group D,associate's degree,free/reduced,none,75,65,61
Abbey Solomon,female,group D,high school,standard,completed,82,88,88
Jay Ryan,female,group D,some high school,free/reduced,none,26,52,55
Tobias Greer,female,group E,some high school,standard,none,67,76,76
Kaden Frey,male,group C,high school,standard,completed,53,54,55
Marcelo Leonard,male,group C,some college,standard,none,76,71,68
Eduardo Gonzales,female,group D,some college,standard,none,89,94,94
Shaniya Deleon,female,group E,associate's degree,standard,none,77,73,75
Deja Hays,female,group C,master's degree,free/reduced,completed,61,70,72
Kyler Bautista,female,group C,some college,free/reduced,completed,77,87,84
Maliyah Farrell,female,group C,some college,standard,completed,85,93,91
Ryland Holland,male,group B,associate's degree,free/reduced,none,58,54,54
Giovanni Skinner,male,group D,high school,standard,none,86,83,78
Raiden Hardy,female,group E,some college,free/reduced,completed,73,66,73
Melany Vasquez,male,group E,some college,standard,completed,85,78,76
Raelynn Allison,male,group D,high school,free/reduced,none,55,47,45
Antony Sheppard,male,group B,some college,standard,completed,77,75,75
Nora Martinez,female,group C,some college,free/reduced,completed,39,58,54
Michael Frey,male,group A,associate's degree,standard,none,48,53,53
Jan Shea,female,group C,some college,free/reduced,none,57,64,70
Zachariah Harris,male,group B,associate's degree,standard,completed,67,75,72
Elias Bailey,female,group C,some high school,free/reduced,none,60,84,77
Korbin Hobbs,male,group C,associate's degree,standard,none,65,43,46
Charles Gillespie,female,group C,high school,standard,completed,57,56,55
Micheal Graham,male,group E,high school,standard,none,96,85,87
Rachael Nolan,male,group D,associate's degree,free/reduced,none,82,76,78
Donavan Goodwin,male,group A,master's degree,standard,none,65,68,62
Juliana Morris,male,group D,some high school,standard,none,64,56,57
Diamond York,male,group D,associate's degree,standard,completed,100,100,100
Reese Vaughn,male,group C,high school,standard,completed,84,71,71
